Código;Risco;Grupo;Agente Nocivo e Atividades
686;-Propiolactona (Beta-propiolactona ou betapropiolactona);Químicos;01.19.019 - Beta-pbiscloromeropiolactona (beta-propiolactona)
774;1,1,1 Tricloroetano (Metilclorofórmio);Químicos;01.09.001 - Cloro e seus compostos tóxicos (exceto os abaixo especificados, que constam expressamente no Anexo IV do Decreto 3.048/1999)
1083;1,1,1,2 Tetrafluoroetano (R-134a);Químicos;-
742;1,1,1,2-Tetracloro-2,2-difluoretano;Químicos;01.09.001 - Cloro e seus compostos tóxicos (exceto os abaixo especificados, que constam expressamente no Anexo IV do Decreto 3.048/1999)
743;1,1,2,2-Tetracloro-1,2-difluoretano;Químicos;01.09.001 - Cloro e seus compostos tóxicos (exceto os abaixo especificados, que constam expressamente no Anexo IV do Decreto 3.048/1999)
772;1,1,2-Tricloro-1,2,2-trifluoretano (freon 113);Químicos;01.09.001 - Cloro e seus compostos tóxicos (exceto os abaixo especificados, que constam expressamente no Anexo IV do Decreto 3.048/1999)
775;1,1,2-Tricloroetano (Tricloreto de vinila);Químicos;01.09.001 - Cloro e seus compostos tóxicos (exceto os abaixo especificados, que constam expressamente no Anexo IV do Decreto 3.048/1999)
298;1,1-Dicloro-1-nitroetano;Químicos;01.09.001 - Cloro e seus compostos tóxicos (exceto os abaixo especificados, que constam expressamente no Anexo IV do Decreto 3.048/1999)
293;1,1-Dicloroetano;Químicos;01.09.001 - Cloro e seus compostos tóxicos (exceto os abaixo especificados, que constam expressamente no Anexo IV do Decreto 3.048/1999)
330;1,1-Dimetil hidrazina;Químicos;-
294;1,2 Dicloroetano (Dicloreto de etileno);Químicos;01.09.001 - Cloro e seus compostos tóxicos (exceto os abaixo especificados, que constam expressamente no Anexo IV do Decreto 3.048/1999)
295;1,2 Dicloroetileno;Químicos;01.09.001 - Cloro e seus compostos tóxicos (exceto os abaixo especificados, que constam expressamente no Anexo IV do Decreto 3.048/1999)
779;1,2,3-Tricloropropano;Químicos;01.09.001 - Cloro e seus compostos tóxicos (exceto os abaixo especificados, que constam expressamente no Anexo IV do Decreto 3.048/1999)
773;1,2,4-Triclorobenzeno;Químicos;01.09.001 - Cloro e seus compostos tóxicos (exceto os abaixo especificados, que constam expressamente no Anexo IV do Decreto 3.048/1999)
282;1,2-Dibramoetano (Dibrometo de etileno);Químicos;01.05.001 - Bromo e seus compostos tóxicos
299;1,2-Dicloropropano;Químicos;01.09.001 - Cloro e seus compostos tóxicos (exceto os abaixo especificados, que constam expressamente no Anexo IV do Decreto 3.048/1999)
787;1,3,5-Triglicidil-s-triazinetriona;Químicos;-
157;1,3-Butadieno;Químicos;01.19.003 - 1-3-butadieno
292;1,3-Dicloro-5,5-dimetil hidantoina;Químicos;01.09.001 - Cloro e seus compostos tóxicos (exceto os abaixo especificados, que constam expressamente no Anexo IV do Decreto 3.048/1999)
300;1,3-Dicloropropeno;Químicos;01.09.001 - Cloro e seus compostos tóxicos (exceto os abaixo especificados, que constam expressamente no Anexo IV do Decreto 3.048/1999)
341;1,3-Dioxolane;Químicos;-
988;1,4 Butanodiol;Químicos;01.19.011 - 1-4-butanodiol
290;1,4-Dicloro-2-buteno;Químicos;01.09.001 - Cloro e seus compostos tóxicos (exceto os abaixo especificados, que constam expressamente no Anexo IV do Decreto 3.048/1999)
337;1,4-Dioxano;Químicos;-
495;1,6-Hexanodiamina;Químicos;-
120;1-(1-Naftil)-2-Tiourea (ANTU);Químicos;-
156;1-Bromopropano;Químicos;01.05.001 - Bromo e seus compostos tóxicos
163;1-Butanotiol (n-Butil mercaptana);Químicos;01.19.004 - Mercaptanos (tióis)
240;1-Cloro-1-nitropropano;Químicos;01.09.001 - Cloro e seus compostos tóxicos (exceto os abaixo especificados, que constam expressamente no Anexo IV do Decreto 3.048/1999)
1013;1-cloro-2,4-nitrodifenil;Químicos;01.19.040 - 1-cloro-2,4-nitrodifenil
247;1-Cloro-2-propanol;Químicos;01.09.001 - Cloro e seus compostos tóxicos (exceto os abaixo especificados, que constam expressamente no Anexo IV do Decreto 3.048/1999)
496;1-Hexeno;Químicos;-
562;1-Metil naftaleno;Químicos;-
576;1-Metoxi-2-propanol;Químicos;-
609;1-Nitropropano;Químicos;-
106;2-Aminopiridina;Químicos;-
190;2-Cianoacrilato de metila;Químicos;-
248;2-Cloro-1-propanol;Químicos;01.09.001 - Cloro e seus compostos tóxicos (exceto os abaixo especificados, que constam expressamente no Anexo IV do Decreto 3.048/1999)
229;2-Cloroacetofenona;Químicos;01.09.001 - Cloro e seus compostos tóxicos (exceto os abaixo especificados, que constam expressamente no Anexo IV do Decreto 3.048/1999)
307;2-Dietilaminoetanol;Químicos;-
405;2-Etoxietanol (cellosolve ou Éter monoetílico do etileno glicol);Químicos;-
644;2,3,4,7,8-Pentaclorodibenzofurano;Químicos;01.09.001 - Cloro e seus compostos tóxicos (exceto os abaixo especificados, que constam expressamente no Anexo IV do Decreto 3.048/1999)
741;2,3,7,8-Tetraclorodibenzo-para-dioxina;Químicos;01.09.001 - Cloro e seus compostos tóxicos (exceto os abaixo especificados, que constam expressamente no Anexo IV do Decreto 3.048/1999)
790;2,4,6-Trinitrotolueno;Químicos;-
652;2,4-Pentanodiona;Químicos;-
524;2-Isopropoxietanol;Químicos;-
563;2-Metil naftaleno;Químicos;-
1069;2-metil-2-buteno;Químicos;-
553;2-Metilciclopentadienil manganês tricarbonila;Químicos;01.14.001 - Manganês e seus compostos
283;2-N-Dibutilaminoetanol;Químicos;-
610;2-Nitropropano;Químicos;-
289;3,3 -Dicloro-benzidina (Diclorobenzidina);Químicos;01.09.001 - Cloro e seus compostos tóxicos (exceto os abaixo especificados, que constam expressamente no Anexo IV do Decreto 3.048/1999)
643;3,4,5,3 ,4 -Pentaclorobifenil (PCB - 126);Químicos;01.09.001 - Cloro e seus compostos tóxicos (exceto os abaixo especificados, que constam expressamente no Anexo IV do Decreto 3.048/1999)
335;3,5-Dinitro-o-toluamida;Químicos;-
676;3-Poxipro-pano;Químicos;01.19.041 - 3-poxipro-pano
570;4,4 -Metileno dianilina;Químicos;-
568;4,4 -metileno-bis-(2-cloroanilina) (MOCA®) (MBOCA®);Químicos;01.09.002 - Metileno-ortocloroanilina, MOCA (4,4-metileno-bis-(2-cloroanilina), MBOCA)
760;4,4-Tiobis (6-terc-butil-m-cresol);Químicos;-
104;4-Aminodifenil (p-xenilamina);Químicos;01.19.008 - Aminobifenila (4-aminodifenil)
939;4-Dimetil-aminoazobenzeno;Químicos;01.19.017 - 4-dimetil-aminoazobenzeno
575;4-Metoxifenol;Químicos;-
603;4-Nitrodifenil (4-Nitrodifenila);Químicos;-
796;4-Vinilciclohexeno;Químicos;-
615;5-Nitro-o-toluidina;Químicos;-
814;Ação de puxar/empurrar cargas ou volumes;Ergonômicos;-
21;Acetaldeído (aldeído acético);Químicos;-
26;Acetato de 2-butoxietila;Químicos;-
29;Acetato de 2-etoxi etila (Acetato de cellosolve ou Acetato de éter monoetílico de etileno glicol);Químicos;-
34;Acetato de 2-metoxietila (EGMEA);Químicos;-
22;Acetato de benzila;Químicos;-
28;Acetato de etila;Químicos;-
31;Acetato de isobutila;Químicos;-
32;Acetato de isopropila;Químicos;-
33;Acetato de metila;Químicos;-
23;Acetato de n-butila;Químicos;-
35;Acetato de n-propila;Químicos;-
36;Acetato de pentila, todos os isômeros;Químicos;-
24;Acetato de sec-butila;Químicos;-
30;Acetato de sec-hexila;Químicos;-
25;Acetato de terc-butila;Químicos;-
37;Acetato de vinila;Químicos;-
38;Acetileno;Químicos;-
39;Acetofenona;Químicos;-
40;Acetona (Propanona);Químicos;-
41;Acetona cianidrina;Químicos;-
42;Acetonitrila (Cianeto de metila);Químicos;-
55;Ácido 2,2-dicloropropiônico;Químicos;01.09.001 - Cloro e seus compostos tóxicos (exceto os abaixo especificados, que constam expressamente no Anexo IV do Decreto 3.048/1999)
726;Ácido 2,4,5-Triclorofenoxiacético (2,4,5-T);Químicos;01.09.001 - Cloro e seus compostos tóxicos (exceto os abaixo especificados, que constam expressamente no Anexo IV do Decreto 3.048/1999)
267;Ácido 2,4-diclorofenoxiacético (2,4 D);Químicos;01.09.001 - Cloro e seus compostos tóxicos (exceto os abaixo especificados, que constam expressamente no Anexo IV do Decreto 3.048/1999)
52;Ácido 2-cloropropiônico;Químicos;01.09.001 - Cloro e seus compostos tóxicos (exceto os abaixo especificados, que constam expressamente no Anexo IV do Decreto 3.048/1999)
56;Ácido 2-etil hexanoico;Químicos;-
1031;Ácido 4-terc-butilbenzóico;Químicos;-
43;Ácido acético (ácido etanoico);Químicos;-
44;Ácido acetilsalicílico (Aspirina);Químicos;-
45;Ácido acrílico;Químicos;-
46;Ácido adípico;Químicos;-
47;Ácido aristólico;Químicos;-
928;Ácido Benzóico;Químicos;-
48;Ácido bromídrico (brometo de hidrogênio);Químicos;01.05.001 - Bromo e seus compostos tóxicos
49;Ácido carbônico (Dióxido de carbono, gás carbônico);Químicos;-
50;Ácido cianídrico;Químicos;-
51;Ácido clorídrico;Químicos;01.09.001 - Cloro e seus compostos tóxicos (exceto os abaixo especificados, que constam expressamente no Anexo IV do Decreto 3.048/1999)
53;Ácido crômico (névoa);Químicos;01.10.001 - Cromo e seus compostos tóxicos
54;Ácido dicloroacético;Químicos;01.09.001 - Cloro e seus compostos tóxicos (exceto os abaixo especificados, que constam expressamente no Anexo IV do Decreto 3.048/1999)
57;Ácido fluorídrico;Químicos;-
58;Ácido fosfórico;Químicos;01.12.001 - Fósforo e seus compostos tóxicos
59;Ácido metacrílico;Químicos;-
60;Ácido metanoico (ácido fórmico);Químicos;-
61;Ácido monocloroacético;Químicos;01.09.001 - Cloro e seus compostos tóxicos (exceto os abaixo especificados, que constam expressamente no Anexo IV do Decreto 3.048/1999)
62;Ácido nítrico;Químicos;-
63;Ácido oxálico (Anidro/Diidratado);Químicos;-
64;Ácido peracético;Químicos;-
65;Ácido pícrico;Químicos;-
66;Ácido propiônico;Químicos;-
67;Ácido sulfúrico;Químicos;-
68;Ácido tereftálico;Químicos;-
69;Ácido tioglicólico;Químicos;-
70;Ácido tricloroacético;Químicos;01.09.001 - Cloro e seus compostos tóxicos (exceto os abaixo especificados, que constam expressamente no Anexo IV do Decreto 3.048/1999)
929;Ácido Tricloroisocianurico;Químicos;01.09.001 - Cloro e seus compostos tóxicos (exceto os abaixo especificados, que constam expressamente no Anexo IV do Decreto 3.048/1999)
71;Acrilamida;Químicos;-
74;Acrilato de 2-hidroxipropila;Químicos;-
73;Acrilato de etila;Químicos;-
75;Acrilato de metila;Químicos;-
72;Acrilato de n-butila;Químicos;-
76;Acrilonitrila (Cianeto de vinila);Químicos;01.19.002 - Acrilonitrila
77;Acroleína;Químicos;-
79;Adiponitrila;Químicos;-
80;Aflatoxinas;Químicos;-
874;Afogamento;Acidentes;-
1015;Agarramento/ Enroscamento;Acidentes;-
81;Aguarrás mineral (Solvente de Stoddard);Químicos;-
82;Alaclor;Químicos;01.09.001 - Cloro e seus compostos tóxicos (exceto os abaixo especificados, que constam expressamente no Anexo IV do Decreto 3.048/1999)
83;Álcalis cáusticos;Químicos;-
84;Alcatrão de hulha, produtos voláteis como aerossóis solúveis em benzeno;Químicos;01.07.001 - Carvão mineral e seus derivados
85;Álcool alílico;Químicos;-
1056;Álcool benzílico;Químicos;-
89;Álcool etílico (Etanol);Químicos;-
90;Álcool furfurílico;Químicos;-
91;Álcool isoamílico;Químicos;-
92;Álcool isobutílico (isobutanol);Químicos;-
93;Álcool isooctílico;Químicos;-
94;Álcool isopropílico (isopropanol ou 2-propanol);Químicos;-
96;Álcool metil amílico;Químicos;-
97;Álcool metílico (Metanol);Químicos;-
86;Álcool n-butílico (n-butanol);Químicos;-
98;Álcool n-propílico (n-propanol);Químicos;-
95;Álcool propargílico;Químicos;-
87;Álcool sec-butílico (2-butanol);Químicos;-
88;Álcool terc-butílico;Químicos;-
1036;Aldicarbe;Químicos;-
99;Aldrin;Químicos;-
277;alfa,alfa Diamina m-xileno;Químicos;-
556;Alfa-Metil estireno;Químicos;-
100;Algodão, bruto, sem tratamento, poeira;Químicos;-
990;Alquilbenzeno AB-9;Químicos;01.17.001 - Petróleo, xisto betuminoso, gás natural e seus derivados
101;Alumínio metal e compostos insolúveis;Químicos;-
102;Amido;Químicos;-
103;Aminas aromáticas;Químicos;01.19.007 - Aminas aromáticas
105;Aminobifenila (4-aminobifenila);Químicos;01.19.008 - Aminobifenila (4-aminodifenil)
107;Amitrol (3-amina-1,2,4-triazol);Químicos;-
108;Amônia (Gás amoníaco);Químicos;-
1050;Anidrido 3-metiltetrahidroftálico;Químicos;-
110;Anidrido acético;Químicos;-
1116;Anidrido de óxido de arsênio;Químicos;01.01.001 - Arsênio e seus compostos
111;Anidrido ftálico;Químicos;-
112;Anidrido hexahidroftálico todos os isômeros;Químicos;-
113;Anidrido maleico;Químicos;-
114;Anidrido trimelítico;Químicos;-
115;Anilina;Químicos;-
118;Antimônio e seus compostos;Químicos;-
119;Antraceno;Químicos;01.07.001 - Carvão mineral e seus derivados
1016;Arco elétrico/voltáico;Acidentes;-
952;Argamassa de Cimento;Químicos;-
121;Argônio;Químicos;-
1125;Arseneto de cádmio;Químicos;01.06.001 - Cádmio e seus compostos tóxicos
122;Arsenieto de gálio;Químicos;01.01.001 - Arsênio e seus compostos
1092;Arsênio;Químicos;01.01.001 - Arsênio e seus compostos
124;Arsina (Tri-hidreto de arsênio);Químicos;01.01.001 - Arsênio e seus compostos
125;Asbestos, todas as formas;Químicos;01.02.001 - Asbestos (ou amianto)
126;Asfalto (betume), fumos, como aerossol solúvel em benzeno;Químicos;01.17.001 - Petróleo, xisto betuminoso, gás natural e seus derivados
896;Ataque de animais não peçonhentos;Acidentes;-
974;Atividades e Operações Perigosas com Energia Elétrica;Inespecífico;-
970;Atividades e Operações Perigosas com explosivos;Inespecífico;-
975;Atividades e Operações Perigosas com Exposição a Roubos ou Outras Espécies de Violência Física nas Atividades Profissionais de Segurança Pessoal ou Patrimonial;Inespecífico;-
971;Atividades e Operações Perigosas com inflamáveis;Inespecífico;-
973;Atividades e Operações Perigosas com Radiações Ionizantes ou Substâncias Radioativas;Inespecífico;-
972;Atividades Perigosas em Motocicleta;Inespecífico;-
127;Atrazine (e triazinas simétricas relacionadas);Químicos;01.09.001 - Cloro e seus compostos tóxicos (exceto os abaixo especificados, que constam expressamente no Anexo IV do Decreto 3.048/1999)
1017;Atropelamento;Acidentes;-
128;Auramina;Químicos;01.19.009 - Auramina
1133;Ausência de agente nocivo ou de atividades previstas no Anexo IV do Decreto 3.048/1999;Inespecífico;09.01.001 - Ausência de agente nocivo ou de atividades previstas no Anexo IV do Decreto 3.048/1999
885;Ausência de exposição a riscos ambientais, ergonômicos e mecânicos (acidentes);Inespecífico;09.01.001 - Ausência de agente nocivo ou de atividades previstas no Anexo IV do Decreto 3.048/1999
1073;Ausência de exposição a riscos biológicos;Biológicos;-
992;Ausência de exposição a riscos ergonômicos;Ergonômicos;-
1071;Ausência de exposição a riscos físicos;Físicos;-
984;Ausência de exposição a riscos físicos, químicos e biológicos;Inespecífico;09.01.001 - Ausência de agente nocivo ou de atividades previstas no Anexo IV do Decreto 3.048/1999
993;Ausência de exposição a riscos mecânicos (acidentes);Acidentes;-
1072;Ausência de exposição a riscos químicos;Químicos;-
994;Ausência de Periculosidade;Inespecífico;-
129;Azatioprina;Químicos;01.19.010 - Azatioprina
1127;Azida de chumbo;Químicos;01.08.001 - Chumbo e seus compostos tóxicos
130;Azida de sódio (como Azida de Sódio, como Vapor de ácido hidrazoico);Químicos;-
131;Azinfos metil;Químicos;-
132;Bário e compostos solúveis;Químicos;-
905;Batidas contra;Acidentes;-
1045;Bendiocarbe;Químicos;-
133;Benomil;Químicos;-
1093;Benzeno;Químicos;01.03.001 - Benzeno e seus compostos tóxicos (exceto os abaixo especificados, que constam expressamente no Anexo IV do Decreto 3.048/1999)
135;Benzidina;Químicos;01.19.038 - Benzidina
136;Benzo[a]antraceno;Químicos;-
137;Benzo[b]fluoranteno;Químicos;-
1064;Benzoato de potássio, como benzoato;Químicos;-
1063;Benzoato de sódio, como benzoato;Químicos;-
138;Benzopireno (Benzo[a]pireno);Químicos;01.19.018 - Benzopireno
1094;Berílio;Químicos;01.04.001 - Berílio e seus compostos tóxicos
140;Betume;Químicos;01.17.001 - Petróleo, xisto betuminoso, gás natural e seus derivados
141;BHC (hexacloreto de benzeno ou hexaclorobenzeno);Químicos;01.09.001 - Cloro e seus compostos tóxicos (exceto os abaixo especificados, que constam expressamente no Anexo IV do Decreto 3.048/1999)
142;Bifenil;Químicos;01.17.001 - Petróleo, xisto betuminoso, gás natural e seus derivados
143;Bifenis policlorados;Químicos;01.09.001 - Cloro e seus compostos tóxicos (exceto os abaixo especificados, que constam expressamente no Anexo IV do Decreto 3.048/1999)
1011;Biológicos - Coleta e industrialização do lixo;Biológicos;03.01.007 - Coleta e industrialização do lixo
1010;Biológicos - Esvaziamento de biodigestores;Biológicos;03.01.006 - Esvaziamento de biodigestores
1088;Biológicos - Manipulação de resíduos de animais deteriorados ou portadores de doenças infectocontagiosas;Biológicos;03.01.004 - Trabalho de exumação de corpos e manipulação de resíduos de animais deteriorados
1087;Biológicos - Trabalho de exumação de corpos;Biológicos;03.01.004 - Trabalho de exumação de corpos e manipulação de resíduos de animais deteriorados
1008;Biológicos - Trabalho de exumação de corpos, manipulação de resíduos de animais deteriorados ou portadores de doenças infectocontagiosas;Biológicos;03.01.004 - Trabalho de exumação de corpos e manipulação de resíduos de animais deteriorados
1006;Biológicos - Trabalhos com animais infectados para tratamento ou para o preparo de soro, vacinas e outros produtos;Biológicos;03.01.002 - Trabalhos com animais infectados para tratamento ou para o preparo de soro, vacinas e outros produtos
1054;Biológicos - Trabalhos e operações em contato com animais/materiais em estabelecimentos destinados ao atendimento e tratamento de animais;Biológicos;-
1053;Biológicos - Trabalhos e operações em contato com pacientes em estabelecimentos destinados aos cuidados da saúde humana;Biológicos;03.01.001 - Trabalhos em estabelecimentos de saúde com contato com pacientes portadores de doenças infectocontagiosas ou com manuseio de materiais contaminados
1052;Biológicos - Trabalhos e operações em estábulos e cavalariças;Biológicos;-
1055;Biológicos - Trabalhos e operações em laboratórios, com animais destinados ao preparo de soro, vacinas e outros produtos;Biológicos;-
1005;Biológicos - Trabalhos em estabelecimentos de saúde com contato com pacientes portadores de doenças infectocontagiosas ou com manuseio de materiais contaminados;Biológicos;03.01.001 - Trabalhos em estabelecimentos de saúde com contato com pacientes portadores de doenças infectocontagiosas ou com manuseio de materiais contaminados
1009;Biológicos - Trabalhos em galerias, fossas e tanques de esgoto;Biológicos;03.01.005 - Trabalhos em galerias, fossas e tranques de esgoto
1091;Biológicos - Trabalhos em laboratórios de análise clínica e histopatologia;Biológicos;-
1007;Biológicos - Trabalhos em laboratórios de autópsia, de anatomia e anátomo-histologia;Biológicos;03.01.003 - Trabalhos em laboratórios de autópsia, de anatomia e anátomo-histologia
144;Biscloroetileter;Químicos;01.09.004 - Biscloroetileter (éter dicloroetílico)
146;Bissulfito de sódio;Químicos;-
148;Borato, compostos inorgânicos;Químicos;-
147;Borracha natural, látex como proteínas alergênicas inaláveis;Químicos;-
149;Breu de alcatrão de hulha;Químicos;01.07.001 - Carvão mineral e seus derivados
150;Bromacil;Químicos;01.05.001 - Bromo e seus compostos tóxicos
1117;Bromal (Tribromoacetaldeído);Químicos;01.05.001 - Bromo e seus compostos tóxicos
151;Brometo de alila;Químicos;01.05.001 - Bromo e seus compostos tóxicos
152;Brometo de etila (bromoetano);Químicos;01.05.001 - Bromo e seus compostos tóxicos
153;Brometo de metila (Bromometano);Químicos;01.05.001 - Bromo e seus compostos tóxicos
154;Brometo de vinila;Químicos;01.05.001 - Bromo e seus compostos tóxicos
1095;Bromo;Químicos;01.05.001 - Bromo e seus compostos tóxicos
160;Bussulfano (Dimetanosulfonato (MIRELAN ou MYLERAN));Químicos;01.19.012 - Dimetanosulfonato (MIRELAN)
158;Butadieno-estireno;Químicos;01.19.001 - Butadieno-estireno
936;Butano, todos os isômeros;Químicos;-
161;Butenos, todos os isômeros;Químicos;-
384;Butil Cellosolve (2-Butoxietanol ou Éter monobutílico do etileno glicol);Químicos;-
845;Cadência do trabalho imposta por um equipamento;Ergonômicos;-
1096;Cádmio;Químicos;01.06.001 - Cádmio e seus compostos tóxicos
18;Calor (legislação trabalhista);Físicos;-
6;Campos magnéticos de sub-radiofrequência (30 kHz e abaixo);Físicos;-
5;Campos magnéticos estáticos;Físicos;-
169;Canfeno clorado;Químicos;01.09.001 - Cloro e seus compostos tóxicos (exceto os abaixo especificados, que constam expressamente no Anexo IV do Decreto 3.048/1999)
170;Cânfora, sintética;Químicos;-
171;Caolim;Químicos;-
172;Caprolactama;Químicos;-
173;Captafol;Químicos;-
174;Captan;Químicos;-
947;Carbamato;Químicos;-
175;Carbaril;Químicos;-
176;Carbeto de silício;Químicos;-
177;Carbofuran;Químicos;-
1046;Carfentrazone-etílico;Químicos;-
178;Carvão mineral e seus derivados;Químicos;01.07.001 - Carvão mineral e seus derivados
179;Catecol;Químicos;-
180;Celulose;Químicos;-
181;Cereais, poeira (aveia, cevada, trigo);Químicos;-
182;Ceteno;Químicos;-
869;Choque elétrico;Acidentes;-
1097;Chumbo;Químicos;01.08.001 - Chumbo e seus compostos tóxicos
184;Chumbo tetraetila;Químicos;01.08.001 - Chumbo e seus compostos tóxicos
185;Chumbo tetrametila;Químicos;01.08.001 - Chumbo e seus compostos tóxicos
186;Cianamida;Químicos;-
187;Cianamida de cálcio;Químicos;-
1039;Cianazina;Químicos;-
188;Cianeto de hidrogênio;Químicos;-
189;Cianoacrilato de etila;Químicos;-
191;Cianogênio;Químicos;-
192;Ciclofosfamida;Químicos;01.19.013 - Ciclofosfamida
193;Ciclohexano;Químicos;-
194;Ciclohexanol;Químicos;-
195;Ciclohexanona;Químicos;-
196;Ciclohexeno;Químicos;-
197;Ciclohexilamina;Químicos;-
198;Ciclonita;Químicos;-
199;Ciclopentadieno;Químicos;-
200;Ciclopentano;Químicos;-
201;Ciclosporina;Químicos;-
202;Cihexatin;Químicos;-
203;Cimento portland;Químicos;-
1065;Ciromazina;Químicos;-
204;Citral;Químicos;-
205;Clopidol;Químicos;-
206;Clorambucil (Cloroambucil);Químicos;01.09.005 - Clorambucil (cloroambucil)
207;Clordane;Químicos;01.09.001 - Cloro e seus compostos tóxicos (exceto os abaixo especificados, que constam expressamente no Anexo IV do Decreto 3.048/1999)
208;Cloreto de alila;Químicos;01.09.001 - Cloro e seus compostos tóxicos (exceto os abaixo especificados, que constam expressamente no Anexo IV do Decreto 3.048/1999)
209;Cloreto de amônio - fumos;Químicos;01.09.001 - Cloro e seus compostos tóxicos (exceto os abaixo especificados, que constam expressamente no Anexo IV do Decreto 3.048/1999)
1115;Cloreto de arsênio (III);Químicos;01.01.001 - Arsênio e seus compostos
210;Cloreto de benzila;Químicos;-
211;Cloreto de benzoíla;Químicos;01.09.001 - Cloro e seus compostos tóxicos (exceto os abaixo especificados, que constam expressamente no Anexo IV do Decreto 3.048/1999)
1105;Cloreto de berílio;Químicos;01.04.001 - Berílio e seus compostos tóxicos
1119;Cloreto de cádmio (Diclorocádmio);Químicos;01.06.001 - Cádmio e seus compostos tóxicos
1104;Cloreto de Cálcio;Químicos;-
212;Cloreto de cianogênio;Químicos;01.09.001 - Cloro e seus compostos tóxicos (exceto os abaixo especificados, que constam expressamente no Anexo IV do Decreto 3.048/1999)
213;Cloreto de cloroacetila;Químicos;01.09.001 - Cloro e seus compostos tóxicos (exceto os abaixo especificados, que constam expressamente no Anexo IV do Decreto 3.048/1999)
214;Cloreto de Cromila, como Cr(VI);Químicos;01.10.001 - Cromo e seus compostos tóxicos
215;Cloreto de dimetil carbamila;Químicos;01.09.001 - Cloro e seus compostos tóxicos (exceto os abaixo especificados, que constam expressamente no Anexo IV do Decreto 3.048/1999)
216;Cloreto de enxofre;Químicos;01.09.001 - Cloro e seus compostos tóxicos (exceto os abaixo especificados, que constam expressamente no Anexo IV do Decreto 3.048/1999)
217;Cloreto de etila (cloroetano);Químicos;01.09.001 - Cloro e seus compostos tóxicos (exceto os abaixo especificados, que constam expressamente no Anexo IV do Decreto 3.048/1999)
218;Cloreto de fenila (clorobenzeno);Químicos;01.09.001 - Cloro e seus compostos tóxicos (exceto os abaixo especificados, que constam expressamente no Anexo IV do Decreto 3.048/1999)
220;Cloreto de metila;Químicos;01.09.001 - Cloro e seus compostos tóxicos (exceto os abaixo especificados, que constam expressamente no Anexo IV do Decreto 3.048/1999)
1132;Cloreto de metilmercúrio;Químicos;01.15.001 - Mercúrio e seus compostos
221;Cloreto de polivinila;Químicos;-
222;Cloreto de tionila;Químicos;01.09.001 - Cloro e seus compostos tóxicos (exceto os abaixo especificados, que constam expressamente no Anexo IV do Decreto 3.048/1999)
223;Cloreto de vinila;Químicos;01.09.001 - Cloro e seus compostos tóxicos (exceto os abaixo especificados, que constam expressamente no Anexo IV do Decreto 3.048/1999)
224;Cloreto de vinilideno (1,1-Dicloreotileno);Químicos;01.09.001 - Cloro e seus compostos tóxicos (exceto os abaixo especificados, que constam expressamente no Anexo IV do Decreto 3.048/1999)
225;Cloreto de zinco, fumos;Químicos;-
226;Clornafazina;Químicos;-
1098;Cloro;Químicos;01.09.001 - Cloro e seus compostos tóxicos (exceto os abaixo especificados, que constam expressamente no Anexo IV do Decreto 3.048/1999)
228;Cloroacetaldeído;Químicos;01.09.001 - Cloro e seus compostos tóxicos (exceto os abaixo especificados, que constam expressamente no Anexo IV do Decreto 3.048/1999)
230;Cloroacetona;Químicos;01.09.001 - Cloro e seus compostos tóxicos (exceto os abaixo especificados, que constam expressamente no Anexo IV do Decreto 3.048/1999)
233;Clorobromometano;Químicos;01.09.001 - Cloro e seus compostos tóxicos (exceto os abaixo especificados, que constam expressamente no Anexo IV do Decreto 3.048/1999)
234;Clorodifenil (42% de Cloro);Químicos;01.09.001 - Cloro e seus compostos tóxicos (exceto os abaixo especificados, que constam expressamente no Anexo IV do Decreto 3.048/1999)
235;Clorodifenil (54% de Cloro);Químicos;01.09.001 - Cloro e seus compostos tóxicos (exceto os abaixo especificados, que constam expressamente no Anexo IV do Decreto 3.048/1999)
236;Clorodifluormetano (freon 22);Químicos;01.09.001 - Cloro e seus compostos tóxicos (exceto os abaixo especificados, que constam expressamente no Anexo IV do Decreto 3.048/1999)
239;Clorofórmio (Triclorometano);Químicos;01.09.001 - Cloro e seus compostos tóxicos (exceto os abaixo especificados, que constam expressamente no Anexo IV do Decreto 3.048/1999)
242;Clorometileter (Éter metílico de clorometila);Químicos;01.09.001 - Cloro e seus compostos tóxicos (exceto os abaixo especificados, que constam expressamente no Anexo IV do Decreto 3.048/1999)
243;Cloropentafluoretano;Químicos;01.09.001 - Cloro e seus compostos tóxicos (exceto os abaixo especificados, que constam expressamente no Anexo IV do Decreto 3.048/1999)
244;Cloropicrina;Químicos;01.09.001 - Cloro e seus compostos tóxicos (exceto os abaixo especificados, que constam expressamente no Anexo IV do Decreto 3.048/1999)
245;Cloropirifos;Químicos;01.09.001 - Cloro e seus compostos tóxicos (exceto os abaixo especificados, que constam expressamente no Anexo IV do Decreto 3.048/1999)
246;Cloropreno (Cloroprene);Químicos;01.09.006 - Cloropreno
1066;Clotianidina;Químicos;-
251;Cobalto carbonila;Químicos;-
250;Cobalto e seus compostos inorgânicos;Químicos;-
252;Cobalto hidrocarbonila;Químicos;-
253;Cobre;Químicos;-
1074;Cobre (fumos);Químicos;-
1090;Cobre (poeiras e névoas);Químicos;-
1018;Colisão e/ou Abalroamento;Acidentes;-
977;Compostos Orgânicos Voláteis;Químicos;-
848;Condições ambientais de trabalho quanto a temperatura, velocidade do ar e/ou umidade que causam desconforto;Ergonômicos;-
851;Condições de trabalho com iluminação inadequada;Ergonômicos;-
847;Condições de trabalho com ruído que causam desconforto;Ergonômicos;-
902;Condução de veículos de qualquer natureza em vias públicas;Acidentes;-
1019;Contato acidental por fonte radioativa;Acidentes;-
881;Contato com superfícies em temperatura extrema;Acidentes;-
1020;Corte/ Cisalhamento/ Perfuração;Acidentes;-
254;Coumafos;Químicos;-
256;Creosoto;Químicos;01.19.036 - Creosoto
255;Cresol, todos os isômeros;Químicos;-
257;Criseno;Químicos;-
259;Cromato de cálcio;Químicos;01.10.001 - Cromo e seus compostos tóxicos
260;Cromato de chumbo;Químicos;01.10.001 - Cromo e seus compostos tóxicos
261;Cromato de estrôncio;Químicos;01.10.001 - Cromo e seus compostos tóxicos
1138;Cromato de potássio;Químicos;01.10.001 - Cromo e seus compostos tóxicos
258;Cromato de terc-butila;Químicos;01.10.001 - Cromo e seus compostos tóxicos
262;Cromatos de zinco;Químicos;01.10.001 - Cromo e seus compostos tóxicos
263;Cromita - processamento do minério (Cromato);Químicos;01.10.001 - Cromo e seus compostos tóxicos
979;Cromo (Composto de cromo hexavalente, como Cr (VI));Químicos;01.10.001 - Cromo e seus compostos tóxicos
264;Cromo (Composto de cromo trivalente, como Cr(III));Químicos;01.10.001 - Cromo e seus compostos tóxicos
991;Cromo (Cromo Metálico, como Cr(0));Químicos;01.10.001 - Cromo e seus compostos tóxicos
265;Crotonaldeído;Químicos;-
266;Crufomate;Químicos;-
268;DDD (diclorodifenildicloretano);Químicos;01.09.001 - Cloro e seus compostos tóxicos (exceto os abaixo especificados, que constam expressamente no Anexo IV do Decreto 3.048/1999)
269;DDT;Químicos;-
270;Decaborano;Químicos;-
1021;Deficiência de oxigênio;Acidentes;-
271;Demeton (Systox);Químicos;-
272;Demeton-S-metila;Químicos;-
273;Destilação do alcatrão de hulha;Químicos;-
274;Diacetil;Químicos;-
275;Diacetona álcool;Químicos;-
276;Diamina (Hidrazina);Químicos;-
278;Dianizidina;Químicos;01.19.021 - Dianizidina
279;Diazinon;Químicos;-
280;Diazometano;Químicos;-
281;Diborano;Químicos;-
284;Dibutilftalato;Químicos;-
285;Diciclopentadieno;Químicos;-
286;Dicloreto de propileno (1,2-Dicloropropano);Químicos;01.09.001 - Cloro e seus compostos tóxicos (exceto os abaixo especificados, que constam expressamente no Anexo IV do Decreto 3.048/1999)
291;Diclorodifluormetano (freon 12);Químicos;01.09.001 - Cloro e seus compostos tóxicos (exceto os abaixo especificados, que constam expressamente no Anexo IV do Decreto 3.048/1999)
296;Diclorofluormetano (Freon 21);Químicos;01.09.001 - Cloro e seus compostos tóxicos (exceto os abaixo especificados, que constam expressamente no Anexo IV do Decreto 3.048/1999)
1130;Dicloromercúrio;Químicos;01.15.001 - Mercúrio e seus compostos
297;Diclorometano (Cloreto de metileno);Químicos;01.09.001 - Cloro e seus compostos tóxicos (exceto os abaixo especificados, que constam expressamente no Anexo IV do Decreto 3.048/1999)
301;Diclorotetrafluoretano (freon 114);Químicos;01.09.001 - Cloro e seus compostos tóxicos (exceto os abaixo especificados, que constam expressamente no Anexo IV do Decreto 3.048/1999)
302;Diclorvos (DDVP);Químicos;01.12.001 - Fósforo e seus compostos tóxicos
303;Dicrotofós;Químicos;-
304;Dieldrin;Químicos;-
1084;Diesel combustível, como hidrocarbonetos totais - fração inalável;Químicos;-
1085;Diesel combustível, como hidrocarbonetos totais - fração vapor;Químicos;-
619;Diesel, como hidrocarbonetos totais;Químicos;-
305;Dietanolamina;Químicos;-
309;Dietil éter (Éter etílico);Químicos;-
306;Dietilamina;Químicos;-
308;Dietilcetona;Químicos;-
310;Dietilenotriamina (DETA);Químicos;01.19.024 - Etilenoamina
311;Dietilestilbestrol;Químicos;01.19.014 - Dietiletil-bestrol
312;Dietilftalato;Químicos;-
313;Dietilsulfato;Químicos;01.19.022 - Dietilsulfato
314;Difenilamina;Químicos;01.19.007 - Aminas aromáticas
315;Difluordibromometano;Químicos;01.05.001 - Bromo e seus compostos tóxicos
316;Difluoreto de oxigênio;Químicos;-
1109;Diiodeto de berílio;Químicos;01.04.001 - Berílio e seus compostos tóxicos
1118;Diiodeto de cádmio;Químicos;01.06.001 - Cádmio e seus compostos tóxicos
318;Diisobutil cetona;Químicos;-
319;Diisocianato de isoforona;Químicos;-
320;Diisocianato de tolueno (TDI) (2,4 Diisocianato de tolueno);Químicos;01.19.006 - Diisocianato de tolueno (TDI)
989;Diisocianato de tolueno (TDI) (2,6 Diisocianato de tolueno) (ou como mistura);Químicos;01.19.006 - Diisocianato de tolueno (TDI)
321;Diisopropilamina;Químicos;-
324;Dimetilacetamida (N,N-Dimetilacetamida);Químicos;-
325;Dimetilamina;Químicos;-
326;Dimetilanilina;Químicos;-
1120;Dimetilcádmio;Químicos;01.06.001 - Cádmio e seus compostos tóxicos
327;Dimetiletoxisilano;Químicos;-
1049;Dimetilfenol, todos os isômeros;Químicos;-
328;Dimetilformamida;Químicos;-
329;Dimetilftalato;Químicos;-
331;Dinitrato de etileno glicol;Químicos;-
332;Dinitrato de propileno glicol;Químicos;-
334;Dinitro-o-cresol;Químicos;-
333;Dinitrobenzeno;Químicos;-
336;Dinitrotolueno;Químicos;-
338;Dioxation;Químicos;-
339;Dióxido de carbono (gás carbônico);Químicos;-
1128;Dióxido de Chumbo;Químicos;01.08.001 - Chumbo e seus compostos tóxicos
340;Dióxido de cloro;Químicos;01.09.001 - Cloro e seus compostos tóxicos (exceto os abaixo especificados, que constam expressamente no Anexo IV do Decreto 3.048/1999)
109;Dióxido de enxofre (Anidro sulfuroso);Químicos;-
342;Dióxido de nitrogênio;Químicos;-
1076;Dióxido de titânio - partículas finas;Químicos;-
1075;Dióxido de titânio - partículas nanoescala;Químicos;-
344;Dióxido de vinil ciclohexano;Químicos;-
345;Dipropil cetona;Químicos;-
346;Diquat;Químicos;-
965;Disparo acidental de projétil;Acidentes;-
347;Dissulfeto de alil propila;Químicos;-
1114;Dissulfeto de arsênio;Químicos;01.01.001 - Arsênio e seus compostos
348;Dissulfeto de carbono;Químicos;01.11.001 - Dissulfeto de carbono
349;Dissulfeto de dimetila;Químicos;-
350;Dissulfiram;Químicos;-
351;Disulfoton;Químicos;01.12.001 - Fósforo e seus compostos tóxicos
352;Diuron;Químicos;01.09.001 - Cloro e seus compostos tóxicos (exceto os abaixo especificados, que constam expressamente no Anexo IV do Decreto 3.048/1999)
353;Divinil benzeno;Químicos;-
354;Dodecil mercaptana;Químicos;01.19.004 - Mercaptanos (tióis)
355;Endosulfan;Químicos;01.09.001 - Cloro e seus compostos tóxicos (exceto os abaixo especificados, que constam expressamente no Anexo IV do Decreto 3.048/1999)
356;Endrin;Químicos;01.09.001 - Cloro e seus compostos tóxicos (exceto os abaixo especificados, que constam expressamente no Anexo IV do Decreto 3.048/1999)
357;Enflurano;Químicos;-
873;Engolfamento;Acidentes;-
904;Entrada e trabalho em Espaço confinado;Acidentes;-
1086;Enxofre;Químicos;-
358;Epicloridrina;Químicos;01.09.001 - Cloro e seus compostos tóxicos (exceto os abaixo especificados, que constam expressamente no Anexo IV do Decreto 3.048/1999)
359;EPN;Químicos;-
830;Equipamentos, máquinas e/ou ferramentas inadequadas;Ergonômicos;-
360;Erionita;Químicos;-
1022;Esmagamento/ Prensamento;Acidentes;-
363;Estanho - Compostos inorgânicos e óxido, exceto hidreto de estanho;Químicos;-
362;Estanho - Metal;Químicos;-
361;Estanho e seus compostos orgânicos;Químicos;-
917;Estearatos;Químicos;-
364;Estireno (Vinilbenzeno);Químicos;01.03.002 - Estireno (vinilbenzeno)
365;Estriquinina;Químicos;-
366;Etano;Químicos;-
367;Etanolamina;Químicos;-
368;Éter alil glicidílico;Químicos;-
1137;Éter bis (2-dimetilaminoetilico);Químicos;-
145;Éter bis (Clorometílico) ou Bis (cloro metil) éter;Químicos;01.09.003 - Bis (cloro metil) éter, clorometileter, (éter bis (clorometílico) ou éter metílico de clorometila), bisclorometil
371;Éter dicloroetílico;Químicos;01.09.001 - Cloro e seus compostos tóxicos (exceto os abaixo especificados, que constam expressamente no Anexo IV do Decreto 3.048/1999)
372;Éter diglicidílico;Químicos;-
1057;Éter Diglicidílico do Bisfenol A (DGEBA);Químicos;-
373;Éter etil terc-butílico;Químicos;-
375;Éter fenil glicidílico;Químicos;-
374;Éter fenílico, vapor;Químicos;-
376;Éter isopropil glicidílico (IGE);Químicos;-
377;Éter isopropílico;Químicos;-
378;Éter isopropílico de monoetileno glicol;Químicos;-
379;Éter metil terc-amílico;Químicos;-
380;Éter metil terc-butílico (MTBE);Químicos;-
381;Éter metílico de clorometila;Químicos;01.09.001 - Cloro e seus compostos tóxicos (exceto os abaixo especificados, que constam expressamente no Anexo IV do Decreto 3.048/1999)
382;Éter metílico de dipropilenoglicol (DPGME);Químicos;-
383;Éter monobutílico de dietileno glicol;Químicos;-
385;Éter monometílico do etileno glicol (Metil cellosolve ou 2-Metoxi etanol (EGME));Químicos;-
369;Éter n-Butil glicidílico;Químicos;-
386;Etil amil cetona;Químicos;-
387;Etil butil cetona;Químicos;-
399;Etil isocianato;Químicos;-
388;Etil mercaptana (Etanotiol);Químicos;01.19.004 - Mercaptanos (tióis)
390;Etilamina;Químicos;-
391;Etilbenzeno;Químicos;01.19.035 - Estilbenzeno
392;Etileno;Químicos;-
395;Etileno cloridrina (2-Cloroetanol ou Cloroetílico);Químicos;01.09.001 - Cloro e seus compostos tóxicos (exceto os abaixo especificados, que constam expressamente no Anexo IV do Decreto 3.048/1999)
397;Etileno glicol;Químicos;-
396;Etilenodiamina;Químicos;01.19.024 - Etilenoamina
400;Etilenoimina;Químicos;-
394;Etilenotiuréia;Químicos;01.19.025 - Etilenotiureia
398;Etilideno norborneno;Químicos;-
401;Etilnitrosuréias;Químicos;01.19.028 - Etilnitrosureia
402;Etion;Químicos;-
403;Etoposide;Químicos;-
404;Etoposide em associação com cisplatina e bleomicina;Químicos;-
815;Execução de movimentos repetitivos;Ergonômicos;-
883;Exercício de trabalho em condições periculosas previstas na legislação trabalhista;Acidentes;-
819;Exigência de condições inadequadas para a coluna vertebral;Ergonômicos;-
820;Exigência de condições inadequadas para os membros inferiores;Ergonômicos;-
822;Exigência de condições inadequadas para os membros superiores;Ergonômicos;-
812;Exigência de esforço físico intenso;Ergonômicos;-
810;Exigência de postura em pé por longos períodos;Ergonômicos;-
809;Exigência de postura sentada por longos períodos;Ergonômicos;-
838;Exigência de ritmos intensos de trabalho;Ergonômicos;-
1023;Explosão;Acidentes;-
406;Farinha (poeiras);Químicos;-
407;Fenacetina;Químicos;01.19.026 - Fenacetina
408;Fenamifos;Químicos;-
950;Fenantreno;Químicos;-
413;Fenil isocianato;Químicos;-
416;Fenil mercaptana;Químicos;01.19.004 - Mercaptanos (tióis)
414;Fenilfosfina;Químicos;01.12.001 - Fósforo e seus compostos tóxicos
415;Fenilhidrazina;Químicos;-
417;Fenol;Químicos;-
418;Fenotiazine;Químicos;-
419;Fensulfotion;Químicos;-
420;Fention;Químicos;-
421;Ferbam;Químicos;-
423;Ferro diciclopentadienila;Químicos;01.09.001 - Cloro e seus compostos tóxicos (exceto os abaixo especificados, que constam expressamente no Anexo IV do Decreto 3.048/1999)
425;Ferro pentacarbonila;Químicos;-
424;Ferro, óxido (Fe2O3);Químicos;-
920;Ferro, poeira metálica;Químicos;-
422;Ferro, sais solúveis;Químicos;-
426;Ferrovanádio, poeira;Químicos;-
432;Fibras Vítreas Sintéticas - Fibras cerâmicas refratárias;Químicos;-
430;Fibras Vítreas Sintéticas - Fibras de lã de escória;Químicos;-
429;Fibras Vítreas Sintéticas - Fibras de lã de rocha;Químicos;-
428;Fibras Vítreas Sintéticas - Fibras de lã de vidro;Químicos;-
431;Fibras Vítreas Sintéticas - Fibras de vídeo finalidades especiais;Químicos;-
427;Fibras Vítreas Sintéticas - Fibras de vidro de filamento contínuo;Químicos;-
1047;Fludioxonil;Químicos;-
1061;Fluidos contendo óleos minerais - refinação fraca ou média;Químicos;01.17.001 - Petróleo, xisto betuminoso, gás natural e seus derivados
954;Fluidos de Corte (Metalworking fluids - MWF);Químicos;-
433;Flúor;Químicos;-
434;Fluoracetato de sódio;Químicos;-
1108;Fluoreto de berílio;Químicos;01.04.001 - Berílio e seus compostos tóxicos
436;Fluoreto de carbonila;Químicos;-
437;Fluoreto de perclorila;Químicos;01.09.001 - Cloro e seus compostos tóxicos (exceto os abaixo especificados, que constam expressamente no Anexo IV do Decreto 3.048/1999)
438;Fluoreto de sulfurila;Químicos;-
439;Fluoreto de vinila;Químicos;-
440;Fluoreto de vinilideno;Químicos;-
435;Fluoretos, como F;Químicos;-
456;Fluortriclorometano (freon 11);Químicos;01.09.001 - Cloro e seus compostos tóxicos (exceto os abaixo especificados, que constam expressamente no Anexo IV do Decreto 3.048/1999)
441;Fonofos;Químicos;01.12.001 - Fósforo e seus compostos tóxicos
442;Forato;Químicos;01.12.001 - Fósforo e seus compostos tóxicos
443;Formaldeído (formol ou Aldeído fórmico);Químicos;-
444;Formamida;Químicos;-
445;Formiato de etila;Químicos;-
446;Formiato de metila;Químicos;-
448;Fosfato de dibutil fenila;Químicos;01.12.001 - Fósforo e seus compostos tóxicos
447;Fosfato de dibutila;Químicos;01.12.001 - Fósforo e seus compostos tóxicos
449;Fosfato de tributila;Químicos;01.12.001 - Fósforo e seus compostos tóxicos
450;Fosfato de trifenila;Químicos;01.12.001 - Fósforo e seus compostos tóxicos
451;Fosfato de triortocresil;Químicos;01.12.001 - Fósforo e seus compostos tóxicos
452;Fosfina (fosfamina);Químicos;01.12.001 - Fósforo e seus compostos tóxicos
453;Fosfito de trimetila;Químicos;01.12.001 - Fósforo e seus compostos tóxicos
1099;Fósforo;Químicos;01.12.001 - Fósforo e seus compostos tóxicos
455;Fosgênio (Cloreto de carbonila);Químicos;01.09.001 - Cloro e seus compostos tóxicos (exceto os abaixo especificados, que constam expressamente no Anexo IV do Decreto 3.048/1999)
1024;Fricção ou Abrasão;Acidentes;-
17;Frio;Físicos;-
458;Ftalato de di(2-etilhexila);Químicos;-
457;Ftalato de dibutila;Químicos;-
459;Ftalato de dietila;Químicos;-
916;Fumos e/ou Poeira de Metal;Químicos;-
462;Furfural;Químicos;-
463;Gás cianídrico (Ácido cianídrico, Cianeto de hidrogênio);Químicos;-
465;Gás Mostarda;Químicos;-
467;Gasolina;Químicos;-
469;Glicidol;Químicos;-
955;Glifosato - N-(fosfonometil)glicina;Químicos;01.12.001 - Fósforo e seus compostos tóxicos
470;Glioxal;Químicos;-
471;GLP (gás liquefeito do petróleo);Químicos;-
472;Glutaraldeído, ativado e não ativado;Químicos;-
1051;Golpeamento;Acidentes;-
473;Grafite (todas as formas, exceto fibras de grafite);Químicos;-
474;Grãos, poeira (aveia, cevada, trigo);Químicos;-
918;Graxas (mistura);Químicos;01.17.001 - Petróleo, xisto betuminoso, gás natural e seus derivados
475;Háfnio e seus compostos;Químicos;-
477;Halotano;Químicos;-
478;Hélio;Químicos;-
479;Heptacloro;Químicos;01.09.001 - Cloro e seus compostos tóxicos (exceto os abaixo especificados, que constam expressamente no Anexo IV do Decreto 3.048/1999)
480;Heptacloro epóxido;Químicos;01.09.001 - Cloro e seus compostos tóxicos (exceto os abaixo especificados, que constam expressamente no Anexo IV do Decreto 3.048/1999)
481;Heptano, todos os isômeros;Químicos;-
482;Hexaclorobutadieno;Químicos;01.09.001 - Cloro e seus compostos tóxicos (exceto os abaixo especificados, que constam expressamente no Anexo IV do Decreto 3.048/1999)
483;Hexaclorociclopentadieno;Químicos;01.09.001 - Cloro e seus compostos tóxicos (exceto os abaixo especificados, que constam expressamente no Anexo IV do Decreto 3.048/1999)
484;Hexacloroetano;Químicos;01.09.001 - Cloro e seus compostos tóxicos (exceto os abaixo especificados, que constam expressamente no Anexo IV do Decreto 3.048/1999)
485;Hexacloronaftaleno;Químicos;01.09.001 - Cloro e seus compostos tóxicos (exceto os abaixo especificados, que constam expressamente no Anexo IV do Decreto 3.048/1999)
486;Hexafluoracetona;Químicos;-
488;Hexafluoreto de enxofre;Químicos;-
489;Hexafluoreto de selênio;Químicos;-
490;Hexafluoreto de telúrio;Químicos;-
487;Hexafluorpropileno;Químicos;-
491;Hexametileno diisocianato (HDI);Químicos;-
930;Hexametilenotetramina;Químicos;-
492;Hexametilfosforamida;Químicos;01.12.001 - Fósforo e seus compostos tóxicos
494;Hexano, outros isômeros que não o n-Hexano;Químicos;-
1032;Hexazinona;Químicos;-
497;Hexileno glicol;Químicos;-
498;Hidrazina;Químicos;-
499;Hidreto de antimônio (Estibina);Químicos;-
1106;Hidreto de berílio;Químicos;01.04.001 - Berílio e seus compostos tóxicos
500;Hidreto de lítio;Químicos;-
501;Hidrocarbonetos alifáticos gasosos Alcanos;Químicos;-
503;Hidrocarbonetos aromáticos;Químicos;-
504;Hidrocarbonetos cíclicos;Químicos;-
502;Hidrocarbonetos e outros compostos de carbono;Químicos;-
505;Hidrogênio;Químicos;-
1038;Hidroperóxido de terc-butila;Químicos;-
506;Hidroquinona;Químicos;-
507;Hidróxido de cálcio;Químicos;-
508;Hidróxido de césio;Químicos;-
509;Hidróxido de potássio;Químicos;-
510;Hidróxido de sódio;Químicos;-
511;Hidroxitolueno butilado;Químicos;-
951;Hipoclorito de Sódio;Químicos;-
805;Hormônios sexuais femininos (apenas para homens);Químicos;-
1067;Imazosulfurom;Químicos;-
1025;Incêndio;Acidentes;-
512;Indeno;Químicos;-
514;Índio e seus compostos;Químicos;-
1;Infrassom e sons de baixa frequência;Físicos;-
953;Inseticida do grupo fenil Pirazol;Químicos;-
842;Insuficiência de capacitação para execução da tarefa;Ergonômicos;-
895;Intempéries;Acidentes;-
1122;Iodeto de cádmio;Químicos;01.06.001 - Cádmio e seus compostos tóxicos
513;Iodeto de metila;Químicos;01.19.027 - Iodeto de metila
516;Iodetos;Químicos;01.13.001 - Iodo
515;Iodo;Químicos;01.13.001 - Iodo
1077;Iodofórmio, como iodo elementar;Químicos;01.13.001 - Iodo
518;Isobuteno;Químicos;-
519;Isocianato de metila;Químicos;-
976;Isocianatos;Químicos;-
1068;Isoflurano;Químicos;-
520;Isoforona;Químicos;-
523;Isopropil benzeno (cumeno);Químicos;01.17.001 - Petróleo, xisto betuminoso, gás natural e seus derivados
521;Isopropilamina;Químicos;-
525;Ítrio e compostos;Químicos;-
526;Lactato de n-butila;Químicos;-
13;LASER;Físicos;-
813;Levantamento e transporte manual de cargas ou volumes;Ergonômicos;-
527;Lindano;Químicos;-
411;m-Fenileno diamina;Químicos;01.19.007 - Aminas aromáticas
460;m-Ftalodinitrila;Químicos;-
763;m-Toluidina;Químicos;-
1080;Madeira, poeiras - Carvalho;Químicos;-
528;Madeira, poeiras - Cedro Vermelho do Oeste;Químicos;-
1081;Madeira, poeiras - Faia;Químicos;-
529;Madeira, poeiras - Todas as outras espécies;Químicos;-
530;Malation;Químicos;-
1100;Manganês (fumos);Químicos;01.14.001 - Manganês e seus compostos
1101;Manganês (poeira);Químicos;01.14.001 - Manganês e seus compostos
816;Manuseio de ferramentas e/ou objetos pesados por longos períodos;Ergonômicos;-
964;Manuseio ou contato acidental com plantas perigosas/ venenosas;Acidentes;-
823;Manuseio ou movimentação de cargas e volumes sem pega ou com pega pobre;Ergonômicos;-
533;Melfalano;Químicos;-
534;Mercaptanos;Químicos;01.19.004 - Mercaptanos (tióis)
537;Mercúrio, Hg elementar e formas inorgânicas;Químicos;01.15.001 - Mercúrio e seus compostos
535;Mercúrio, aril compostos, as HG;Químicos;01.15.001 - Mercúrio e seus compostos
536;Mercúrio, todas as formas, exceto aril compostos;Químicos;01.15.001 - Mercúrio e seus compostos
538;Metabissulfito de sódio;Químicos;-
1037;Metacrilato de alila;Químicos;-
539;Metacrilato de metila;Químicos;-
540;Metais duros contendo Carboneto de Tungstênio e Cobalto;Químicos;-
541;Metano;Químicos;-
542;Metil acetileno;Químicos;-
543;Metil acetileno-propadieno, mistura (MAPP);Químicos;-
550;Metil ciclohexano;Químicos;-
554;Metil demeton;Químicos;-
555;Metil etil cetona (MEK) (Butanona);Químicos;-
557;Metil isoamil cetona;Químicos;-
559;Metil isobutil cetona;Químicos;-
558;Metil isobutilcarbinol;Químicos;-
560;Metil isopropil cetona;Químicos;-
561;Metil mercaptana (metanotiol);Químicos;01.19.004 - Mercaptanos (tióis)
547;Metil n-amil cetona;Químicos;-
549;Metil n-butil cetona;Químicos;-
564;Metil paration (paration);Químicos;-
565;Metil propil cetona;Químicos;-
566;Metil vinil cetona;Químicos;-
544;Metilacrilonitrila;Químicos;-
545;Metilal;Químicos;-
546;Metilamina;Químicos;-
551;Metilciclohexanol;Químicos;-
1028;Metilciclohexanona, todos os isômeros;Químicos;-
569;Metileno bisfenil isocianato (MDI);Químicos;-
567;Metileno-bis-(4-ciclohexilisocianato);Químicos;-
571;Metileno-ortocloroanilina (MOCA);Químicos;01.09.002 - Metileno-ortocloroanilina, MOCA (4,4-metileno-bis-(2-cloroanilina), MBOCA)
572;Metomil;Químicos;-
573;Metoxicloro;Químicos;01.09.001 - Cloro e seus compostos tóxicos (exceto os abaixo especificados, que constam expressamente no Anexo IV do Decreto 3.048/1999)
577;Metoxsalen associado com radiação ultravioleta A;Químicos;-
579;Metribuzin;Químicos;-
580;Mevinfos;Químicos;-
581;Mica;Químicos;-
9;Micro-ondas;Físicos;-
921;Micro-organismos geneticamente modificados;Biológicos;-
1027;Micro-organismos patogênicos;Biológicos;-
1012;Mineração subterrânea cujas atividades sejam exercidas afastadas das frentes de produção;Químicos;04.01.001 - Mineração subterrânea cujas atividades sejam exercidas afastadas das frentes de produção
582;Molibdênio - Compostos solúveis;Químicos;-
583;Molibdênio - Metal e compostos insolúveis (fração inalável);Químicos;-
584;Molibdênio - Metal e compostos insolúveis (fração respirável);Químicos;-
585;Monocrotofós;Químicos;-
578;Monometil hidrazina (metil hidrazina);Químicos;-
840;Monotonia;Ergonômicos;-
1110;Monóxido de berílio;Químicos;01.04.001 - Berílio e seus compostos tóxicos
586;Monóxido de carbono;Químicos;-
587;Morfolina;Químicos;-
1041;N Metil Formamida;Químicos;-
322;N,N-Dietilhidroxilamina;Químicos;-
159;n-Butano;Químicos;-
164;n-Butilamina;Químicos;-
389;n-Etil morfolina;Químicos;-
409;n-Fenil- -naftilamina;Químicos;01.19.007 - Aminas aromáticas
493;n-Hexano;Químicos;01.19.005 - n-hexano
522;n-Isopropilanilina;Químicos;-
548;n-Metil anilina;Químicos;-
1078;N-metil-2-pirrolidona;Químicos;-
612;N-Nitrosodimetilamina;Químicos;-
940;N-Nitrosonornicotina (NNN);Químicos;-
613;N-Nitrosonornicotina (NNN) e 4-(metil nitrosamina)-1-(3-piridil)1-butanona (NNK);Químicos;-
651;n-Pentano;Químicos;-
681;n-propano;Químicos;-
683;n-Propanol;Químicos;-
795;n-Valeraldeído;Químicos;-
797;n-Vinil-2-pirrolidone;Químicos;-
588;Naftaleno;Químicos;-
1062;Naftas (mistura);Químicos;01.17.001 - Petróleo, xisto betuminoso, gás natural e seus derivados
590;Naftóis;Químicos;-
591;Naled;Químicos;-
592;Negro de fumo;Químicos;01.07.001 - Carvão mineral e seus derivados
593;Neônio;Químicos;-
594;Nicotina;Químicos;-
983;Níquel (Carbonila e Tetracarbonila);Químicos;01.16.001 - Níquel e seus compostos tóxicos
982;Níquel (Compostos inorgânicos insolúveis);Químicos;01.16.001 - Níquel e seus compostos tóxicos
981;Níquel (Compostos inorgânicos solúveis);Químicos;01.16.001 - Níquel e seus compostos tóxicos
595;Níquel (Metal Elementar);Químicos;01.16.001 - Níquel e seus compostos tóxicos
596;Nitrapirin;Químicos;-
1124;Nitrato de cádmio;Químicos;01.06.001 - Cádmio e seus compostos tóxicos
597;Nitrato de n-propila;Químicos;-
1107;Nitreto de berílio;Químicos;01.04.001 - Berílio e seus compostos tóxicos
598;Nitrito de isobutila;Químicos;-
600;Nitrobenzeno;Químicos;-
602;Nitroderivados;Químicos;-
604;Nitroetano;Químicos;-
605;Nitrogênio;Químicos;-
606;Nitroglicerina;Químicos;-
607;Nitrometano;Químicos;-
608;Nitronaftilamina;Químicos;01.19.016 - Nitronaftilamina
611;Nitrosamina;Químicos;01.19.029 - Nitrosamina
614;Nitrotolueno, todos os isômeros;Químicos;-
616;Nonano;Químicos;-
116;o-Anisidina;Químicos;-
232;o-Clorobenzilideno malononitrila;Químicos;01.09.001 - Cloro e seus compostos tóxicos (exceto os abaixo especificados, que constam expressamente no Anexo IV do Decreto 3.048/1999)
237;o-Cloroestireno;Químicos;01.09.001 - Cloro e seus compostos tóxicos (exceto os abaixo especificados, que constam expressamente no Anexo IV do Decreto 3.048/1999)
249;o-Clorotolueno;Químicos;01.09.001 - Cloro e seus compostos tóxicos (exceto os abaixo especificados, que constam expressamente no Anexo IV do Decreto 3.048/1999)
287;o-Diclorobenzeno;Químicos;01.09.001 - Cloro e seus compostos tóxicos (exceto os abaixo especificados, que constam expressamente no Anexo IV do Decreto 3.048/1999)
410;o-Fenileno diamina;Químicos;01.19.007 - Aminas aromáticas
461;o-Ftalodinitrila;Químicos;-
552;o-Metilciclohexanona;Químicos;-
1043;o-Phthalaldeído;Químicos;-
165;o-sec Butilfenol;Químicos;-
761;o-Tolidina;Químicos;-
617;Octacloronaftaleno;Químicos;01.09.001 - Cloro e seus compostos tóxicos (exceto os abaixo especificados, que constam expressamente no Anexo IV do Decreto 3.048/1999)
618;Octano, todos os isômeros;Químicos;-
620;Óleo mineral puro, alta e severamente refinado, excluídos os fluidos de trabalho com metais;Químicos;-
621;Óleo mineral refinação fraca ou média, excluídos os fluidos de trabalho com metais;Químicos;01.17.001 - Petróleo, xisto betuminoso, gás natural e seus derivados
622;Óleo queimado;Químicos;-
957;Óleo Vegetal;Químicos;-
978;Operação de equipamento de transporte motorizado (NR 11);Acidentes;-
1060;Organoclorados;Químicos;01.09.001 - Cloro e seus compostos tóxicos (exceto os abaixo especificados, que constam expressamente no Anexo IV do Decreto 3.048/1999)
948;Organofosforados;Químicos;01.12.001 - Fósforo e seus compostos tóxicos
623;Ortotoluidina (o-toluidina);Químicos;01.19.030 - Ortotoluidina
987;Outros agentes nocivos não constantes no Anexo IV do Decreto 3.048/1999 e incluídos por força de decisão judicial ou administrativa;Inespecífico;05.01.001 - Agentes nocivos não constantes no Anexo IV do Decreto 3.048/1999 e incluídos por força de decisão judicial ou administrativa
925;Outros: Fenolftaleína;Químicos;-
625;Oxicloreto de fósforo;Químicos;01.09.001 - Cloro e seus compostos tóxicos (exceto os abaixo especificados, que constam expressamente no Anexo IV do Decreto 3.048/1999)
1103;Óxido de berílio;Químicos;01.04.001 - Berílio e seus compostos tóxicos
626;Óxido de boro;Químicos;-
1121;Óxido de cádmio;Químicos;01.06.001 - Cádmio e seus compostos tóxicos
627;Óxido de cálcio;Químicos;-
1126;Óxido de Chumbo (II);Químicos;01.08.001 - Chumbo e seus compostos tóxicos
628;Óxido de difenila o-clorada;Químicos;01.09.001 - Cloro e seus compostos tóxicos (exceto os abaixo especificados, que constam expressamente no Anexo IV do Decreto 3.048/1999)
1033;Óxido de estireno;Químicos;-
629;Óxido de etileno;Químicos;01.19.034 - Óxido de etileno
1048;Óxido de Índio e Estanho;Químicos;-
630;Óxido de magnésio;Químicos;-
1131;Óxido de mercúrio (II);Químicos;01.15.001 - Mercúrio e seus compostos
631;Óxido de mesitila;Químicos;-
632;Óxido de propileno;Químicos;-
633;Óxido de Zinco;Químicos;-
634;Óxido nítrico;Químicos;-
635;Óxido nitroso;Químicos;-
931;Oxigênico (Atmosfera com redução de O2);Químicos;-
636;Oximetalona;Químicos;01.19.031 - Oximetalona (oxime-talona)
637;Ozona (ozônio);Químicos;-
624;p,p-Oxibis(benzeno sulfonila hidrazida);Químicos;-
117;p-Anisidina;Químicos;-
288;p-Diclorobenzeno;Químicos;01.09.001 - Cloro e seus compostos tóxicos (exceto os abaixo especificados, que constam expressamente no Anexo IV do Decreto 3.048/1999)
412;p-Fenileno diamina;Químicos;01.19.007 - Aminas aromáticas
599;p-Nitroanilina;Químicos;-
601;p-Nitroclorobenzeno;Químicos;01.09.001 - Cloro e seus compostos tóxicos (exceto os abaixo especificados, que constam expressamente no Anexo IV do Decreto 3.048/1999)
166;p-terc-Butiltolueno;Químicos;-
764;p-Toluidina;Químicos;-
638;Parafina, cera (fumos);Químicos;-
639;Paraquat, como o cátion;Químicos;-
963;Particulados (insolúveis ou de baixa solubilidade) não especificados de outra maneira (PNOS) - Fração Inalável;Químicos;-
640;Particulados (insolúveis ou de baixa solubilidade) não especificados de outra maneira (PNOS) - Fração Respirável;Químicos;-
641;Pentaborano;Químicos;-
642;Pentacloreto de fósforo;Químicos;01.12.001 - Fósforo e seus compostos tóxicos
645;Pentaclorofenol;Químicos;01.09.001 - Cloro e seus compostos tóxicos (exceto os abaixo especificados, que constam expressamente no Anexo IV do Decreto 3.048/1999)
646;Pentacloronaftaleno;Químicos;01.09.001 - Cloro e seus compostos tóxicos (exceto os abaixo especificados, que constam expressamente no Anexo IV do Decreto 3.048/1999)
647;Pentacloronitrobenzeno;Químicos;01.09.001 - Cloro e seus compostos tóxicos (exceto os abaixo especificados, que constam expressamente no Anexo IV do Decreto 3.048/1999)
648;Pentaeritritol;Químicos;-
649;Pentafluoreto de bromo;Químicos;01.05.001 - Bromo e seus compostos tóxicos
650;Pentafluoreto de enxofre;Químicos;-
653;Pentassulfeto de fósforo;Químicos;01.12.001 - Fósforo e seus compostos tóxicos
654;Pentóxido de vanádio;Químicos;-
655;Percloroetileno (Tetracloroetileno);Químicos;01.09.001 - Cloro e seus compostos tóxicos (exceto os abaixo especificados, que constam expressamente no Anexo IV do Decreto 3.048/1999)
656;Perclorometil mercaptana;Químicos;01.19.004 - Mercaptanos (tióis)
658;Perfluorisobutileno;Químicos;-
657;Perfluorobutil etileno;Químicos;-
659;Perfluoroctanoato de amônio;Químicos;-
941;Perfuração por objetos perfurocortantes;Acidentes;-
924;Permanganato de Potássio;Químicos;01.14.001 - Manganês e seus compostos
660;Peróxido de benzoíla;Químicos;-
661;Peróxido de hidrogênio;Químicos;-
662;Peróxido de metil etil cetona;Químicos;-
663;Persulfatos, como persulfato;Químicos;-
664;Petróleo, xisto betuminoso, gás natural e seus derivados;Químicos;01.17.001 - Petróleo, xisto betuminoso, gás natural e seus derivados
878;Picada de animais peçonhentos;Acidentes;-
665;Picloram;Químicos;01.09.001 - Cloro e seus compostos tóxicos (exceto os abaixo especificados, que constam expressamente no Anexo IV do Decreto 3.048/1999)
1129;Picrato de chumbo;Químicos;01.08.001 - Chumbo e seus compostos tóxicos
666;Pindone;Químicos;-
668;Piretro;Químicos;-
949;Piretróides (inseticidas);Químicos;-
669;Piridina;Químicos;-
670;Pirofosfato de tetraetila;Químicos;01.12.001 - Fósforo e seus compostos tóxicos
317;Pirperazina e sais (dihidrocloreto de piperazina);Químicos;-
667;Pirperazina e sais, como Piperazia;Químicos;-
671;Platina e sais solúveis - Metal;Químicos;-
672;Platina e sais solúveis - Sais solúveis;Químicos;-
673;Plutônio;Químicos;-
919;Poeira e/ou fibra mineral;Químicos;-
932;Poeira vegetal;Químicos;-
674;Poliisocianetos;Químicos;-
675;Poliuretanas;Químicos;-
856;Possíveis situações de estresse organizacional;Ergonômicos;-
857;Possíveis situações de sobrecarga mental de trabalho;Ergonômicos;-
828;Posto de trabalho e/ou mobiliário inadequados e/ou sem meio de regulagens e ajustes;Ergonômicos;-
678;Prata e seus compostos - Compostos solúveis;Químicos;-
677;Prata e seus compostos - Metal, poeira e fumos;Químicos;-
853;Presença de reflexos em superfície que cause desconforto ou prejudique a visualização;Ergonômicos;-
19;Pressão Atmosférica Anormal;Físicos;02.01.015 - Pressão atmosférica anormal
1004;Pressão atmosférica anormal - Operações de mergulho com o uso de escafandros ou outros equipamentos;Físicos;02.01.018 - Operações de mergulho com o uso de escafandros ou outros equipamentos
1002;Pressão atmosférica anormal - Trabalhos em caixões ou câmaras hiperbáricas;Físicos;02.01.016 - Trabalhos em caixões ou câmaras hiperbáricas
1003;Pressão atmosférica anormal - Trabalhos em tubulões ou túneis sob ar comprimido;Físicos;02.01.017 - Trabalhos em tubulões ou túneis sob ar comprimido
20;Pressão Hipobárica;Físicos;-
679;Procarbazina;Químicos;01.19.032 - Procarbazina
958;Produtos Saneantes e Domissanitários;Químicos;-
912;Projeção de partículas ou objetos;Acidentes;-
1070;Prometrina;Químicos;-
680;Propano;Químicos;-
682;Propanosultona (Propano sultone);Químicos;01.19.033 - Propanosultona
684;Propileno;Químicos;-
1044;Propileno Glicol Éter Monoetílico;Químicos;-
685;Propileno imina;Químicos;-
687;Propionaldeído;Químicos;-
688;Propoxur;Químicos;-
689;PVC (poli cloreto de vinila);Químicos;-
1082;Queda de aeronave;Acidentes;-
1135;Queda de objetos com baixo potencial lesivo;Acidentes;-
1136;Queda de objetos com potencial lesivo moderado ou alto;Acidentes;-
868;Queda por diferença de nível (Inferior a 2m) / Queda do mesmo nível;Acidentes;-
867;Queda por diferença de nível (Superior a 2m de altura);Acidentes;-
690;Querosene;Químicos;-
1102;Quimioterápicos Antineoplásicos;Químicos;-
691;Quinona;Químicos;-
8;Radiação de radiofrequência;Físicos;-
12;Radiação ultravioleta na faixa 400 a 320 nm (Luz Negra);Físicos;-
11;Radiação ultravioleta, exceto radiação na faixa 400 a 320 nm (Luz Negra);Físicos;-
10;Radiação visível e infravermelho próximo;Físicos;-
14;Radiações Ionizantes;Físicos;02.01.006 - Radiações ionizantes
996;Radiações Ionizantes - Atividades em minerações com exposição ao radônio;Físicos;02.01.008 - Atividades em minerações com exposição ao radônio
999;Radiações Ionizantes - Exposição aos raios Alfa, Beta, Gama e X, aos nêutrons e às substâncias radioativas para fins industriais, terapêuticos e diagnósticos;Físicos;02.01.011 - Trabalhos realizados com exposição aos raios Alfa, Beta, Gama e X, aos nêutrons e às substâncias radioativas para fins industriais, terapêuticos e diagnósticos
995;Radiações Ionizantes - Extração e beneficiamento de minerais radioativos;Físicos;02.01.007 - Extração e beneficiamento de minerais radioativos
1000;Radiações Ionizantes - Fabricação e manipulação de produtos radioativos;Físicos;02.01.012 - Fabricação e manipulação de produtos radioativos
998;Radiações Ionizantes - Operações com reatores nucleares ou com fontes radioativas;Físicos;02.01.010 - Operações com reatores nucleares ou com fontes radioativas
1001;Radiações Ionizantes - Pesquisas e estudos com radiações ionizantes em laboratórios;Físicos;02.01.013 - Pesquisas e estudos com radiações ionizantes em laboratórios
997;Radiações Ionizantes - Realização de manutenção e supervisão em unidades de extração, tratamento e beneficiamento de minerais radioativos com exposição;Físicos;02.01.009 - Realização de manutenção e supervisão em unidades de extração, tratamento e beneficiamento de minerais radioativos com exposição às radiações ionizantes
692;Rádio-224 e seus produtos de decaimento;Químicos;-
693;Rádio-226 e seus produtos de decaimento;Químicos;-
694;Rádio-228 e seus produtos de decaimento;Químicos;-
695;Radônio-222 e seus produtos de decaimento;Químicos;-
696;Resina de vareta (eletrodo arame) de solda, produtos da decomposição térmica (breu);Químicos;-
959;Resinas Epóxi;Químicos;-
697;Resorcinol;Químicos;-
967;Respingos de produtos químicos;Acidentes;-
699;Ródio - Compostos solúveis;Químicos;-
698;Ródio - Metal e compostos insolúveis;Químicos;-
700;Ronel;Químicos;-
701;Rotenona (comercial);Químicos;-
906;Ruído contínuo ou intermitente (previdenciário);Físicos;02.01.001 - Ruído
2;Ruído contínuo ou intermitente (trabalhista);Físicos;-
3;Ruído impulsivo ou de Impacto;Físicos;-
702;Sacarose;Químicos;-
27;Sais de Cianeto;Químicos;-
162;sec-Butanol;Químicos;-
703;Seleneto de hidrogênio;Químicos;-
704;Selênio e seus compostos;Químicos;-
705;Semustina [1-(2 -cloroetil) -3-(4-metilciclohexil)-1-nitrosourea, Metil CC- NU];Químicos;01.09.001 - Cloro e seus compostos tóxicos (exceto os abaixo especificados, que constam expressamente no Anexo IV do Decreto 3.048/1999)
706;Sesone;Químicos;-
1079;Sílica cristalina (alfa quartzo) (fração respirável);Químicos;01.18.001 - Sílica livre
708;Sílica cristobalita (fração respirável);Químicos;01.18.001 - Sílica livre
707;Sílica livre (sílica livre cristalizada) - poeira respirável;Químicos;01.18.001 - Sílica livre
956;Sílica livre (sílica livre cristalizada) - poeira total;Químicos;01.18.001 - Sílica livre
710;Silicato de etila;Químicos;-
711;Silicato de metila;Químicos;-
712;Silicatos;Químicos;-
960;Silicone;Químicos;-
713;Simazina;Químicos;-
877;Soterramento/ Desmoronamento;Acidentes;-
7;Sub-Radiofrequência (30 kHz e abaixo) e campos eletrostáticos;Físicos;-
714;Subtilisinas, como enzima pura ativa 100% cristalina [CAS 1395-21-7, 9014-01-1];Químicos;-
715;Sulfamato de amônio;Químicos;-
716;Sulfato de bário;Químicos;-
1111;Sulfato de berílio;Químicos;01.04.001 - Berílio e seus compostos tóxicos
717;Sulfato de cálcio;Químicos;-
719;Sulfato de carbonila;Químicos;-
718;Sulfato de dimetila (dimetilsulfato);Químicos;01.19.023 - Dimetilsulfato
961;Sulfato de manganês (sal de manganês);Químicos;01.14.001 - Manganês e seus compostos
1123;Sulfeto de cádmio;Químicos;01.06.001 - Cádmio e seus compostos tóxicos
721;Sulfeto de dimetila;Químicos;-
720;Sulfeto de hidrogênio (Gás sulfídrico);Químicos;-
722;Sulfeto de Níquel;Químicos;01.16.001 - Níquel e seus compostos tóxicos
723;Sulfometuron metil;Químicos;-
724;Sulfotep (TEDP);Químicos;-
1042;Sulfoxaflor;Químicos;-
725;Sulprofos;Químicos;-
589;ß-Naftilamina (Betanaftilamina);Químicos;01.19.039 - Betanaftilamina
7;Sub-Radiofrequência (30 kHz e abaixo) e campos eletrostáticos;Físicos;-
714;Subtilisinas, como enzima pura ativa 100% cristalina [CAS 1395-21-7, 9014-01-1];Químicos;-
715;Sulfamato de amônio;Químicos;-
716;Sulfato de bário;Químicos;-
1111;Sulfato de berílio;Químicos;01.04.001 - Berílio e seus compostos tóxicos
717;Sulfato de cálcio;Químicos;-
719;Sulfato de carbonila;Químicos;-
718;Sulfato de dimetila (dimetilsulfato);Químicos;01.19.023 - Dimetilsulfato
961;Sulfato de manganês (sal de manganês);Químicos;01.14.001 - Manganês e seus compostos
1123;Sulfeto de cádmio;Químicos;01.06.001 - Cádmio e seus compostos tóxicos
721;Sulfeto de dimetila;Químicos;-
720;Sulfeto de hidrogênio (Gás sulfídrico);Químicos;-
722;Sulfeto de Níquel;Químicos;01.16.001 - Níquel e seus compostos tóxicos
723;Sulfometuron metil;Químicos;-
724;Sulfotep (TEDP);Químicos;-
1042;Sulfoxaflor;Químicos;-
725;Sulprofos;Químicos;-
727;Talco;Químicos;-
728;Tálio;Químicos;-
729;Tamoxifeno;Químicos;-
731;Telureto de bismuto - Aditivado com Se, como Bi2Te3;Químicos;-
730;Telureto de bismuto - Não aditivado, como Bi2Te3;Químicos;-
732;Telúrio e compostos (NOS), como Te, excluído telureto de hidrogênio;Químicos;-
733;Temefós;Químicos;-
907;Temperaturas anormais (calor) (legislação previdenciária);Físicos;02.01.014 - Trabalhos com exposição ao calor acima dos limites de tolerância estabelecidos na NR-15, da Portaria 3.214/1978
734;Terbufos;Químicos;-
735;Terebentina e monoterpenos selecionados;Químicos;-
736;Terfenilas (o,m,p-isômeros);Químicos;-
737;Terfenilas hidrogenadas (não irradiadas);Químicos;-
738;Tetrabrometo de acetileno (1,1,2,2-Tetrabromoetano);Químicos;01.05.001 - Bromo e seus compostos tóxicos
739;Tetrabrometo de carbono;Químicos;01.05.001 - Bromo e seus compostos tóxicos
740;Tetracloreto de carbono;Químicos;-
1029;Tetracloreto de Titânio, como HCI;Químicos;01.09.001 - Cloro e seus compostos tóxicos (exceto os abaixo especificados, que constam expressamente no Anexo IV do Decreto 3.048/1999)
744;Tetracloroetano (1,1,2,2-Tetracloroetano);Químicos;01.09.001 - Cloro e seus compostos tóxicos (exceto os abaixo especificados, que constam expressamente no Anexo IV do Decreto 3.048/1999)
745;Tetracloronaftaleno;Químicos;01.09.001 - Cloro e seus compostos tóxicos (exceto os abaixo especificados, que constam expressamente no Anexo IV do Decreto 3.048/1999)
746;Tetrafluoretileno;Químicos;-
747;Tetrafluoreto de enxofre;Químicos;-
748;Tetrahidreto de germânio;Químicos;-
749;Tetrahidreto de silício;Químicos;-
750;Tetrahidrofurano;Químicos;-
753;Tetrametil succinonitrila;Químicos;-
754;Tetranitrometano;Químicos;-
751;Tetraquis (hidroximetil) fosfônio, sais - Cloreto de tetraquis (hidroximetil) fosfônio;Químicos;01.12.001 - Fósforo e seus compostos tóxicos
752;Tetraquis (hidroximetil) fosfônio, sais - Sulfato de tetraquis (hidroximetil) fosfônio;Químicos;01.12.001 - Fósforo e seus compostos tóxicos
755;Tetril;Químicos;-
756;Tetróxido de ósmio;Químicos;-
757;Thiram;Químicos;-
1040;Tiaclopride;Químicos;01.09.001 - Cloro e seus compostos tóxicos (exceto os abaixo especificados, que constam expressamente no Anexo IV do Decreto 3.048/1999)
962;Tinta à base de água e pigmentos;Químicos;-
1034;Tiodicarbe;Químicos;-
758;Tiotepa;Químicos;-
759;Titânio;Químicos;-
762;Tolueno;Químicos;01.17.001 - Petróleo, xisto betuminoso, gás natural e seus derivados
1026;Tombamento de máquinas ou equipamentos;Acidentes;-
765;Tório-232 e seus produtos de decaimento;Químicos;-
841;Trabalho com exigência de variação de turnos;Ergonômicos;-
843;Trabalho com utilização rigorosa de metas de produção ou remunerado por produção;Ergonômicos;-
839;Trabalho noturno;Ergonômicos;-
837;Trabalho realizado sem pausas para descanso;Ergonômicos;-
1014;Trabalhos em atividades permanentes no subsolo de minerações subterrâneas em frente de produção;Químicos;04.01.002 - Trabalhos em atividades permanentes no subsolo de minerações subterrâneas em frente de produção
766;Tribrometo de boro;Químicos;01.05.001 - Bromo e seus compostos tóxicos
985;Tribromofenato de Sódio;Químicos;01.05.001 - Bromo e seus compostos tóxicos
768;Tribromometano (Bromofórmio);Químicos;01.05.001 - Bromo e seus compostos tóxicos
1113;Tricloreto de arsênio;Químicos;01.01.001 - Arsênio e seus compostos
767;Tricloreto de boro;Químicos;-
769;Tricloreto de fósforo;Químicos;01.12.001 - Fósforo e seus compostos tóxicos
770;Triclorfon;Químicos;01.12.001 - Fósforo e seus compostos tóxicos
776;Tricloroetileno;Químicos;01.09.001 - Cloro e seus compostos tóxicos (exceto os abaixo especificados, que constam expressamente no Anexo IV do Decreto 3.048/1999)
771;Triclorometil benzeno;Químicos;01.09.001 - Cloro e seus compostos tóxicos (exceto os abaixo especificados, que constam expressamente no Anexo IV do Decreto 3.048/1999)
778;Tricloronaftaleno;Químicos;01.09.001 - Cloro e seus compostos tóxicos (exceto os abaixo especificados, que constam expressamente no Anexo IV do Decreto 3.048/1999)
1134;Triclosan;Químicos;-
780;Trietanolamina;Químicos;-
781;Trietilamina;Químicos;-
1059;Trietilenotetramina;Químicos;01.19.024 - Etilenoamina
1030;Triflumizole;Químicos;-
782;Trifluorbromometano;Químicos;01.05.001 - Bromo e seus compostos tóxicos
783;Trifluoreto de boro;Químicos;-
784;Trifluoreto de cloro;Químicos;01.09.001 - Cloro e seus compostos tóxicos (exceto os abaixo especificados, que constam expressamente no Anexo IV do Decreto 3.048/1999)
785;Trifluoreto de nitrogênio;Químicos;-
786;Trifluormonobramometano;Químicos;-
789;Trimetil benzeno (mistura de isômeros);Químicos;-
788;Trimetilamina;Químicos;-
791;Trióxido de antimônio;Químicos;-
1112;Trióxido de arsênio;Químicos;01.01.001 - Arsênio e seus compostos
1058;Trióxido de Enxofre (Óxido Sulfurico / Anidrido Sulfúrico);Químicos;-
792;Tungstênio - Compostos solúveis;Químicos;-
793;Tungstênio - Metal e compostos insolúveis;Químicos;-
4;Ultrassom;Físicos;-
884;Umidade;Físicos;-
794;Urânio (natural) Compostos solúveis e insolúveis;Químicos;-
915;Uso excessivo da voz;Ergonômicos;-
968;Vazamento/ derramamento de produtos perigosos;Acidentes;-
926;Vermelho de metila;Químicos;-
1035;Vibração - Trabalhos com perfuratrizes e marteletes pneumáticos;Físicos;02.01.005 - Trabalhos com perfuratrizes e marteletes pneumáticos
16;Vibração de corpo inteiro (aceleração resultante de exposição normalizada - aren);Físicos;02.01.003 - Vibração de corpo inteiro (aceleração resultante de exposição normalizada - aren)
938;Vibração de corpo inteiro (Valor da Dose de Vibração Resultante - VDVR);Físicos;02.01.004 - Vibração de corpo inteiro (Valor da Dose de Vibração Resultante - VDVR)
15;Vibração Localizada (Mão-Braço);Físicos;02.01.002 - Vibrações localizadas (mão-braço)
798;Vinil tolueno;Químicos;-
922;Violência ou agressão física;Acidentes;-
799;Warfarin (Varfarina);Químicos;-
800;Xilenos (mistura de isômeros);Químicos;01.17.001 - Petróleo, xisto betuminoso, gás natural e seus derivados
801;Xilidina (mistura de isômeros);Químicos;-
802;Xisto betuminoso e seus derivados;Químicos;01.17.001 - Petróleo, xisto betuminoso, gás natural e seus derivados
803;Zircônio e compostos;Químicos;-
